INSERT INTO `vehicle_categories` (`name`, `label`)
VALUES ('emergency', 'Emergency - Police');
INSERT INTO `vehicle_categories` (`name`, `label`)
VALUES ('emergency2', 'Emergency - EMS');


INSERT INTO `vehicles` (`name`, `model`, `price`, `category`)
VALUES ('Explorer QRV', 'emsexplorer', 0, 'emergency2');
INSERT INTO `vehicles` (`name`, `model`, `price`, `category`)
VALUES ('Granger QRV', 'emsgranger', 0, 'emergency2');
INSERT INTO `vehicles` (`name`, `model`, `price`, `category`)
VALUES ('Rump Van', 'fdlcrumpo', 0, 'emergency2');
INSERT INTO `vehicles` (`name`, `model`, `price`, `category`)
VALUES ('Vapid Ambulance', 'emsvapid', 0, 'emergency2');
INSERT INTO `vehicles` (`name`, `model`, `price`, `category`)
VALUES ('Sandking', 'fdlcsand', 0, 'emergency2');
INSERT INTO `vehicles` (`name`, `model`, `price`, `category`)
VALUES ('EMS Box Alpha', 'emsbox1', 0, 'emergency2');
INSERT INTO `vehicles` (`name`, `model`, `price`, `category`)
VALUES ('EMS Box Bravo', 'emsbox2', 0, 'emergency2');
INSERT INTO `vehicles` (`name`, `model`, `price`, `category`)
VALUES ('EMS Box Charlie', 'emsbox3', 0, 'emergency2');
INSERT INTO `vehicles` (`name`, `model`, `price`, `category`)
VALUES ('EMS Box Delta', 'emsbox4', 0, 'emergency2');
INSERT INTO `vehicles` (`name`, `model`, `price`, `category`)
VALUES ('EMS Box Echo', 'emsbox5', 0, 'emergency2');
INSERT INTO `vehicles` (`name`, `model`, `price`, `category`)
VALUES ('Blood Donation Truck', 'firehazmat', 0, 'emergency2');

INSERT INTO `vehicles` (`name`, `model`, `price`, `category`)
VALUES ('Mustang', '2015polstang', 0, 'emergency');
INSERT INTO `vehicles` (`name`, `model`, `price`, `category`)
VALUES ('Beast', 'beast', 0, 'emergency');
INSERT INTO `vehicles` (`name`, `model`, `price`, `category`)
VALUES ('Tahoe', 'bpd6', 0, 'emergency');
INSERT INTO `vehicles` (`name`, `model`, `price`, `category`)
VALUES ('Charger Alpha', 'charger1', 0, 'emergency');
INSERT INTO `vehicles` (`name`, `model`, `price`, `category`)
VALUES ('Charger Bravo', 'charger2', 0, 'emergency');
INSERT INTO `vehicles` (`name`, `model`, `price`, `category`)
VALUES ('Charger Charlie', 'charger3', 0, 'emergency');
INSERT INTO `vehicles` (`name`, `model`, `price`, `category`)
VALUES ('Charger Delta', 'charger4', 0, 'emergency');
INSERT INTO `vehicles` (`name`, `model`, `price`, `category`)
VALUES ('Charger Echo', 'charger5', 0, 'emergency');
INSERT INTO `vehicles` (`name`, `model`, `price`, `category`)
VALUES ('Crown Victoria', 'cvpi', 0, 'emergency');
INSERT INTO `vehicles` (`name`, `model`, `price`, `category`)
VALUES ('Prison Bus', 'pbus', 0, 'emergency');
INSERT INTO `vehicles` (`name`, `model`, `price`, `category`)
VALUES ('Challenger', 'pdchallenger', 0, 'emergency');
INSERT INTO `vehicles` (`name`, `model`, `price`, `category`)
VALUES ('Golf Cart', 'policecart', 0, 'emergency');
INSERT INTO `vehicles` (`name`, `model`, `price`, `category`)
VALUES ('Police Tow', 'polsadrt', 0, 'emergency');
INSERT INTO `vehicles` (`name`, `model`, `price`, `category`)
VALUES ('Riot Truck', 'riot', 0, 'emergency');
INSERT INTO `vehicles` (`name`, `model`, `price`, `category`)
VALUES ('Sheriff Pickup', 'sherifftruck', 0, 'emergency');
INSERT INTO `vehicles` (`name`, `model`, `price`, `category`)
VALUES ('Oracle', 'umoracle', 0, 'emergency');

INSERT INTO `patreon_cars` (`model`, `name`)
VALUES ('180sxrb', 'Nissan 180sx Rocket Bunny');
INSERT INTO `patreon_cars` (`model`, `name`)
VALUES ('amggt', '2016 Mercedes-Benz AMG GT');
INSERT INTO `patreon_cars` (`model`, `name`)
VALUES ('eleanor', '1971 Ford Shelby');
INSERT INTO `patreon_cars` (`model`, `name`)
VALUES ('f620', 'Lexus RC350');
INSERT INTO `patreon_cars` (`model`, `name`)
VALUES ('gtr', 'Nissan GTR');
INSERT INTO `patreon_cars` (`model`, `name`)
VALUES ('hvrod', 'Harley Davidson Fat Boy');
INSERT INTO `patreon_cars` (`model`, `name`)
VALUES ('rcf', 'Lexus RCF');
INSERT INTO `patreon_cars` (`model`, `name`)
VALUES ('rmodmustang', '2015 Ford Mustang GT');
INSERT INTO `patreon_cars` (`model`, `name`)
VALUES ('rs6', 'Audi C7 RS6');
INSERT INTO `patreon_cars` (`model`, `name`)
VALUES ('skyline', 'Skyline GTR');
INSERT INTO `patreon_cars` (`model`, `name`)
VALUES ('subwrx', 'Subaru WRX STI');
INSERT INTO `patreon_cars` (`model`, `name`)
VALUES ('supra2', 'Toyota Supra');
INSERT INTO `patreon_cars` (`model`, `name`)
VALUES ('yzfr6', 'Honda YZF R6');
